{"coco/bbox_mAP": 0.616, "coco/bbox_mAP_50": 0.831, "coco/bbox_mAP_75": 0.717, "coco/bbox_mAP_s": 0.402, "coco/bbox_mAP_m": 0.575, "coco/bbox_mAP_l": 0.682, "data_time": 0.007358238220214843, "time": 0.7122156486511231}