{"coco/bbox_mAP": 0.601, "coco/bbox_mAP_50": 0.809, "coco/bbox_mAP_75": 0.697, "coco/bbox_mAP_s": 0.434, "coco/bbox_mAP_m": 0.569, "coco/bbox_mAP_l": 0.662, "data_time": 0.007285478591918945, "time": 0.7078798027038574}