{"coco/bbox_mAP": 0.459, "coco/bbox_mAP_50": 0.804, "coco/bbox_mAP_75": 0.452, "coco/bbox_mAP_s": 0.112, "coco/bbox_mAP_m": 0.336, "coco/bbox_mAP_l": 0.62, "data_time": 0.007820730669456617, "time": 0.4348194902403313}