{"coco/bbox_mAP": 0.564, "coco/bbox_mAP_50": 0.773, "coco/bbox_mAP_75": 0.663, "coco/bbox_mAP_s": 0.343, "coco/bbox_mAP_m": 0.55, "coco/bbox_mAP_l": 0.622, "data_time": 0.007719240188598633, "time": 0.7130329208374023}