{"coco/bbox_mAP": 0.417, "coco/bbox_mAP_50": 0.727, "coco/bbox_mAP_75": 0.408, "coco/bbox_mAP_s": 0.102, "coco/bbox_mAP_m": 0.316, "coco/bbox_mAP_l": 0.572, "data_time": 0.007972272864559241, "time": 0.43707475745887087}