{"coco/bbox_mAP": 0.458, "coco/bbox_mAP_50": 0.791, "coco/bbox_mAP_75": 0.455, "coco/bbox_mAP_s": 0.111, "coco/bbox_mAP_m": 0.351, "coco/bbox_mAP_l": 0.608, "data_time": 0.0076195859072501195, "time": 0.4379004156380369}