{"coco/bbox_mAP": 0.564, "coco/bbox_mAP_50": 0.768, "coco/bbox_mAP_75": 0.65, "coco/bbox_mAP_s": 0.321, "coco/bbox_mAP_m": 0.56, "coco/bbox_mAP_l": 0.618, "data_time": 0.0083355770111084, "time": 0.5801555480957031}