{"coco/bbox_mAP": 0.453, "coco/bbox_mAP_50": 0.784, "coco/bbox_mAP_75": 0.446, "coco/bbox_mAP_s": 0.1, "coco/bbox_mAP_m": 0.343, "coco/bbox_mAP_l": 0.609, "data_time": 0.0077650442458035655, "time": 0.42242475768976046}