{"coco/bbox_mAP": 0.426, "coco/bbox_mAP_50": 0.743, "coco/bbox_mAP_75": 0.415, "coco/bbox_mAP_s": 0.105, "coco/bbox_mAP_m": 0.316, "coco/bbox_mAP_l": 0.583, "data_time": 0.007640037620276736, "time": 0.430864529651508}