{"coco/bbox_mAP": 0.433, "coco/bbox_mAP_50": 0.769, "coco/bbox_mAP_75": 0.415, "coco/bbox_mAP_s": 0.122, "coco/bbox_mAP_m": 0.335, "coco/bbox_mAP_l": 0.572, "data_time": 0.007364336858715927, "time": 0.42988429989731103}