{"coco/bbox_mAP": 0.605, "coco/bbox_mAP_50": 0.818, "coco/bbox_mAP_75": 0.704, "coco/bbox_mAP_s": 0.433, "coco/bbox_mAP_m": 0.557, "coco/bbox_mAP_l": 0.677, "data_time": 0.007972173690795899, "time": 0.7089216651916503}