{"coco/bbox_mAP": 0.448, "coco/bbox_mAP_50": 0.757, "coco/bbox_mAP_75": 0.457, "coco/bbox_mAP_s": 0.103, "coco/bbox_mAP_m": 0.36, "coco/bbox_mAP_l": 0.587, "data_time": 0.0075013742112276845, "time": 0.4384933626442625}