{"coco/bbox_mAP": 0.598, "coco/bbox_mAP_50": 0.805, "coco/bbox_mAP_75": 0.698, "coco/bbox_mAP_s": 0.413, "coco/bbox_mAP_m": 0.554, "coco/bbox_mAP_l": 0.668, "data_time": 0.007731042861938477, "time": 0.7044012222290039}