{"coco/bbox_mAP": 0.604, "coco/bbox_mAP_50": 0.813, "coco/bbox_mAP_75": 0.698, "coco/bbox_mAP_s": 0.441, "coco/bbox_mAP_m": 0.562, "coco/bbox_mAP_l": 0.666, "data_time": 0.007490535736083984, "time": 0.7112610664367676}