{"coco/bbox_mAP": 0.428, "coco/bbox_mAP_50": 0.755, "coco/bbox_mAP_75": 0.415, "coco/bbox_mAP_s": 0.095, "coco/bbox_mAP_m": 0.311, "coco/bbox_mAP_l": 0.591, "data_time": 0.009391960344816508, "time": 0.4544736492006402}