{"coco/bbox_mAP": 0.569, "coco/bbox_mAP_50": 0.773, "coco/bbox_mAP_75": 0.658, "coco/bbox_mAP_s": 0.363, "coco/bbox_mAP_m": 0.549, "coco/bbox_mAP_l": 0.622, "data_time": 0.009683042526245118, "time": 0.5752433815002441}