{"coco/bbox_mAP": 0.611, "coco/bbox_mAP_50": 0.826, "coco/bbox_mAP_75": 0.71, "coco/bbox_mAP_s": 0.412, "coco/bbox_mAP_m": 0.579, "coco/bbox_mAP_l": 0.669, "data_time": 0.008120899200439452, "time": 0.7051493530273437}