{"coco/bbox_mAP": 0.461, "coco/bbox_mAP_50": 0.803, "coco/bbox_mAP_75": 0.451, "coco/bbox_mAP_s": 0.12, "coco/bbox_mAP_m": 0.336, "coco/bbox_mAP_l": 0.623, "data_time": 0.007549306802582322, "time": 0.4300342505438286}