{"coco/bbox_mAP": 0.556, "coco/bbox_mAP_50": 0.755, "coco/bbox_mAP_75": 0.638, "coco/bbox_mAP_s": 0.351, "coco/bbox_mAP_m": 0.55, "coco/bbox_mAP_l": 0.617, "data_time": 0.008024215698242188, "time": 0.5415365734100341}