{"coco/bbox_mAP": 0.569, "coco/bbox_mAP_50": 0.784, "coco/bbox_mAP_75": 0.655, "coco/bbox_mAP_s": 0.338, "coco/bbox_mAP_m": 0.563, "coco/bbox_mAP_l": 0.623, "data_time": 0.008483177185058593, "time": 0.553547327041626}