{"coco/bbox_mAP": 0.56, "coco/bbox_mAP_50": 0.765, "coco/bbox_mAP_75": 0.649, "coco/bbox_mAP_s": 0.33, "coco/bbox_mAP_m": 0.54, "coco/bbox_mAP_l": 0.611, "data_time": 0.008647249221801758, "time": 0.5302632617950439}